timestamp_ns,accel_x,accel_y,accel_z
6529320653441,0.0028478205,0.0082407,0.23112583
6529325383232,-0.016865253,0.039105415,0.38054657
6529363221253,-0.20817222,-0.02659893,-0.015743732
6529382140263,0.0010934845,0.03341198,-0.08703041
6529382140263,0.0010934845,0.03341198,-0.08703041
6529386870003,-0.10882688,-0.030778885,-0.058419228
6529391599743,-0.23908901,-0.08958149,-0.026115894
6529410518753,-0.19847374,-0.13872337,-0.075284004
6529410518753,-0.19847374,-0.13872337,-0.075284004
6529415248493,-0.12753013,-0.07954216,-0.006211281
6529434167503,-0.007464811,0.18756104,0.18990374
6529434167503,-0.007464811,0.18756104,0.18990374
6529438897243,-0.0918341,0.16882992,0.10980463
6529467275784,0.36843032,0.17052078,-0.0444746
6529476735263,0.24717122,0.113580704,0.035136223
6529476735263,0.24717122,0.113580704,0.035136223
6529476735263,0.24717122,0.113580704,0.035136223
6529490924534,0.15123509,0.09794235,-0.17287636
6529490924534,0.15123509,0.09794235,-0.17287636
6529495654274,0.2873426,0.16676426,-0.31690073
6529500384013,0.3492229,0.2968645,-0.21689892
6529514573284,0.97745216,0.3425827,-0.15758085
6529514573284,0.97745216,0.3425827,-0.15758085
6529519303024,0.46890235,0.5282316,0.057599545
6529524032763,0.28770882,0.462842,0.0047078133
6529552411305,0.18439168,0.24411488,-0.5610523
6529552411305,0.18439168,0.24411488,-0.5610523
6529557141045,0.0059610605,0.08785057,-0.4199252
6529576060055,-0.46062523,-0.39762402,-0.27078676
6529576060055,-0.46062523,-0.39762402,-0.27078676
6529580789795,-0.5703826,-0.5157976,-0.24844313
6529599708805,-0.6575836,-0.6298065,0.5278764
6529599708805,-0.6575836,-0.6298065,0.5278764
6529604438597,-0.7549021,-0.6582937,0.7333598
6529609168336,-0.80865633,-0.65160656,0.86927795
6529628087347,-0.732298,-0.33458042,0.7697401
6529628087347,-0.732298,-0.33458042,0.7697401
6529632817086,-0.7146586,-0.28449535,0.6729131
6529647006357,-0.1086998,-0.5217047,0.463974
6529647006357,-0.1086998,-0.5217047,0.463974
6529665925368,-0.0108549595,-0.5536175,-0.7357602
6529665925368,-0.0108549595,-0.5536175,-0.7357602
6529680114638,-0.23695159,-1.0766621,-1.6003542
6529713222920,-0.8237326,-1.1273541,-1.662955
6529736871722,-1.1097169,-0.611866,-1.1684601
6529736871722,-1.1097169,-0.611866,-1.1684601
6529741601461,-1.0907664,-0.50382614,-0.47569513
6529760520472,0.7264918,-0.4759121,1.4514756
6529760520472,0.7264918,-0.4759121,1.4514756
6529765250263,0.9468281,-0.16665554,1.3250289
6529784169274,0.4778366,0.20526028,-0.0711689
6529784169274,0.4778366,0.20526028,-0.0711689
6529788899013,0.4536209,0.20165539,0.14276552
6529812547816,-1.2933333,-0.30631208,0.38561964
6529817277555,-1.1345255,-0.27386808,0.8075571
6529822007295,-0.7832296,-0.23464775,1.2096109
6529826737086,-0.3173709,-0.15045643,1.5643468
6529850385888,1.044162,0.070308685,1.8311877
6529855115628,1.3422546,0.0056734085,1.6843309
6529874034638,0.89692545,-0.5187454,0.48018026
6529874034638,0.89692545,-0.5187454,0.48018026
6529878764430,0.5934088,-0.47642946,0.27752733
6529883494170,0.10282874,-0.47233582,-0.17435884
6529902413180,-0.4556198,-0.5166273,-1.4689653
6529902413180,-0.4556198,-0.5166273,-1.4689653
6529907142972,-0.46636057,-0.17923737,-2.0722222
6529935521513,0.19591999,0.36439037,-2.2501366
6529935521513,0.19591999,0.36439037,-2.2501366
6529940251253,0.17373013,0.5938673,-2.5894775
6529973359586,0.55145025,-0.5254059,-0.72628355
6529973359586,0.55145025,-0.5254059,-0.72628355
6529978089326,0.33512807,-0.38210678,-0.6500666
6529982819118,-0.06441474,-0.4389944,-0.32561898
6530006467920,-1.6583343,-0.92490864,1.5493357
6530030116722,-0.13737416,-0.599,0.4241264
6530030116722,-0.13737416,-0.599,0.4241264
6530034846461,0.6264806,-0.9089074,0.8640623
6530044305993,0.9794917,-1.2656355,1.0027525
6530049035732,1.0019662,-1.3183279,0.66489863
6530053765472,1.6186563,-1.8847818,0.18331456
6530067954795,1.448877,-1.4388304,0.9412401
6530072684534,0.9648645,-0.9843216,0.9918761
6530077414326,0.38714862,-0.79675865,0.8512454
6530096333336,-1.1579792,-0.9223747,-0.05573225
6530101063128,-1.2848642,-0.78421307,-0.23806643
6530119982138,-1.5168469,-0.79705524,-0.042943478
6530119982138,-1.5168469,-0.79705524,-0.042943478
6530124711930,-1.3588874,-0.89834833,0.3476572
6530143630941,-0.31355166,-0.8193121,0.055327177
6530148360732,-0.037799597,-0.98972034,-0.09183049
6530153090472,0.24174142,-0.47996616,2.3570046
6530172009534,2.1322303,0.5849314,0.28345954
6530190928597,1.7101984,0.48298264,-0.86234367
6530190928597,1.7101984,0.48298264,-0.86234367
6530195658336,1.4739377,0.81386566,-1.0209101
6530200388128,1.59422,1.0735445,-1.2595644
6530214577399,2.3227503,1.1828642,-1.538333
6530214577399,2.3227503,1.1828642,-1.538333
6530219307138,2.4793913,1.2150068,-1.3216019
6530233496461,2.3136973,1.9087992,-0.459616
6530233496461,2.3136973,1.9087992,-0.459616
6530238226201,1.9898901,2.0853863,-0.31014538
6530242955993,1.4964933,2.3120003,-0.24332839
6530261875055,-0.36015844,3.8415499,8.812547E-4
6530261875055,-0.36015844,3.8415499,8.812547E-4
6530266604795,-0.5504515,4.277691,-0.20791024
6530285523857,-0.58402276,5.6696424,-1.9641368
6530285523857,-0.58402276,5.6696424,-1.9641368
6530290253597,-0.452106,6.1972,-1.6051388
6530309172659,0.19412708,8.850337,-0.26684368
6530313902451,0.2441752,9.34151,-0.05248362
6530380119118,-7.975218,11.965586,5.3212337
6530380119118,-7.975218,11.965586,5.3212337
6530394308441,-7.357318,11.620592,3.0089989
6530394308441,-7.357318,11.620592,3.0089989
6530403767972,-5.9137278,11.893071,0.4644553
6530403767972,-5.9137278,11.893071,0.4644553
6530408497711,-4.978305,12.355822,-0.26024753
6530422687034,-1.7628382,12.969802,-1.6896333
6530422687034,-1.7628382,12.969802,-1.6896333
6530427416774,-0.7288095,12.897673,-2.015325
6530441606097,1.5864038,12.7822075,-1.407437
6530455795420,0.5414541,12.48991,-1.8166175
6530455795420,0.5414541,12.48991,-1.8166175
6530460525159,-0.22021538,11.999907,-1.9749589
6530469984691,-1.1645603,10.566254,-1.96293
6530469984691,-1.1645603,10.566254,-1.96293
6530474714482,-1.5276961,9.626931,-1.859025
6530488903753,-2.847591,6.3663797,-0.7267904
6530488903753,-2.847591,6.3663797,-0.7267904
6530493633545,-3.1082807,5.197506,-0.04035425
6530507822816,-3.2427306,1.4909258,2.183234
6530517282347,-2.6081133,-0.70614815,3.4893465
6530517282347,-2.6081133,-0.70614815,3.4893465
6530522012138,-2.164261,-1.6399088,3.9444895
6530526741878,-1.8530238,-2.462576,4.0834155
6530540931201,-1.6711531,-4.5059423,3.9886475
6530540931201,-1.6711531,-4.5059423,3.9886475
6530540931201,-1.6711531,-4.5059423,3.9886475
6530555120524,-2.1580772,-6.5476003,2.3506377
6530555120524,-2.1580772,-6.5476003,2.3506377
6530559850263,-2.4648225,-7.1774936,1.7111695
6530574039586,-3.0366092,-8.534202,0.44209415
6530574039586,-3.0366092,-8.534202,0.44209415
6530588228857,-3.6374707,-9.46565,-0.76709473
6530588228857,-3.6374707,-9.46565,-0.76709473
6530592958649,-3.8273618,-9.745814,-1.2540761
6530607147972,-4.1612797,-10.838157,-2.3765702
6530621337243,-3.7418723,-11.67761,-2.664792
6530621337243,-3.7418723,-11.67761,-2.664792
6530626067034,-3.4196587,-11.8186035,-2.7319336
6530640256305,-2.2574701,-11.380615,-4.1430397
6530640256305,-2.2574701,-11.380615,-4.1430397
6530644986097,-2.0141432,-11.07804,-4.7036905
6530654445628,-1.8004375,-10.17668,-4.68227
6530659175420,-1.83967,-9.837258,-4.786477
6530673364691,-2.7663007,-9.44943,-4.9811163
6530673364691,-2.7663007,-9.44943,-4.9811163
6530692283805,-3.8984814,-9.688235,-4.389825
6530692283805,-3.8984814,-9.688235,-4.389825
6530701743336,-4.473349,-10.451695,-4.105996
6530701743336,-4.473349,-10.451695,-4.105996
6530706473128,-4.792538,-10.932959,-4.1501074
6530711202868,-4.8857856,-11.5194645,-4.109616
6530720662399,-5.0717316,-12.564418,-4.236314
6530720662399,-5.0717316,-12.564418,-4.236314
6530725392191,-5.2831044,-13.045683,-3.9503307
6530734851722,-5.361174,-14.09478,-2.8424952
6530734851722,-5.361174,-14.09478,-2.8424952
6530739581513,-5.348922,-14.680508,-1.6015239
6530744311253,-5.424616,-15.121937,-0.123784184
6530763230368,-6.2890143,-15.222726,4.006636
6530767960107,-6.283702,-14.975494,5.074842
6530796338753,-3.9002361,-12.1157,7.1844683
6530805798284,-2.6936197,-11.40768,6.598779
6530805798284,-2.6936197,-11.40768,6.598779
6530810528076,-1.8759725,-10.957421,6.1590877
6530815257816,-0.9593922,-10.537194,5.5671434
6530819987607,0.04585862,-10.154668,4.9276295
6530829447138,2.154141,-9.425458,3.1566985
6530834176930,3.1871367,-8.993827,2.5007162
6530848366253,5.7340117,-7.3017645,0.8858936
6530848366253,5.7340117,-7.3017645,0.8858936
6530853095993,6.177207,-6.678852,0.4428121
6530867285316,6.374359,-5.324263,-0.5207276
6530867285316,6.374359,-5.324263,-0.5207276
6530867285316,6.374359,-5.324263,-0.5207276
6530881474638,4.6456194,-5.908632,-1.8492012
6530881474638,4.6456194,-5.908632,-1.8492012
6530886204430,3.8001437,-6.308211,-2.0595567
6530895663961,1.9771423,-6.9043255,-2.3073452
6530900393701,1.1793962,-7.24359,-2.236053
6530914583024,0.01266408,-8.475467,-0.68351877
6530914583024,0.01266408,-8.475467,-0.68351877
6530919312816,0.13265705,-8.72665,0.23847389
6530933502138,2.068638,-8.792824,0.80591595
6530952421253,4.1727657,-7.8607683,0.13277388
6530952421253,4.1727657,-7.8607683,0.13277388
6530957150993,4.269186,-7.5118656,0.22795105
6530961880784,4.134571,-7.2928457,0.272609
6530976070107,2.0952568,-7.3858185,-0.040296912
6530980799847,0.93711305,-7.4802747,-0.0475322
6530985529638,-0.3106029,-7.600683,0.21372354
6530999718961,-3.887897,-8.59894,-1.893061
6530999718961,-3.887897,-8.59894,-1.893061
6531009178493,-4.531906,-9.4043255,-3.199842
6531009178493,-4.531906,-9.4043255,-3.199842
6531013908284,-4.73223,-9.7543335,-3.5462356
6531018638076,-4.863594,-10.008083,-3.6926842
6531032827399,-3.7959826,-9.921946,-2.2823777
6531047016722,-0.98350513,-9.110848,-0.41402507
6531047016722,-0.98350513,-9.110848,-0.41402507
6531051746461,0.30543232,-8.56804,-0.14914113
6531070665576,2.830422,-5.705983,-1.546821
6531075395368,2.6105251,-5.181237,-1.503037
6531094314482,-0.8104354,-3.6842432,-4.490341
6531099044222,-1.4385579,-3.3137565,-4.968143
6531103774013,-1.5629861,-2.8501697,-5.1453924
6531117963336,-0.4792534,-1.2246833,-3.9699764
6531122693128,0.17602944,-0.57586527,-2.991023
6531127422868,0.9297948,-0.13457489,-1.974524
6531141612191,1.8925024,-0.24058437,1.662712
6531146341982,1.4983718,-0.379385,2.6235504
6531151071774,0.92684376,-0.43448544,3.5441732
6531169990888,-1.3358328,1.4117012,7.3647957
6531174720628,-1.6750624,2.4082136,7.6985865
6531193639743,-4.123896,7.81448,4.717842
6531198369534,-4.4787383,8.781465,4.3916626
6531203099326,-5.4644384,9.728086,4.148714
6531222018441,-7.115309,11.213764,3.88574
6531226748180,-6.533066,10.364787,3.1859624
6531240937503,-6.6327496,9.236956,-0.07173514
6531245667295,-6.681714,9.541364,-0.9747912
6531259856618,-5.9760857,11.549588,-1.680823
6531274045993,-3.6112185,14.214959,-1.1563327
6531274045993,-3.6112185,14.214959,-1.1563327
6531288235316,-1.2799724,15.117199,-1.1068084
6531288235316,-1.2799724,15.117199,-1.1068084
6531292965107,-1.1823443,14.713477,-0.9678975
6531307154430,-2.621464,12.99992,-0.5967016
6531307154430,-2.621464,12.99992,-0.5967016
6531311884222,-3.2830827,12.260752,-0.24115959
6531326073545,-6.163764,10.04605,0.9174174
6531344992659,-8.281156,8.691316,1.1345364
6531344992659,-8.281156,8.691316,1.1345364
6531349722451,-7.823404,8.699931,1.2460148
6531368641566,-4.6261787,9.719451,2.06633
6531368641566,-4.6261787,9.719451,2.06633
6531373371305,-3.8775964,9.806795,1.9386708
6531392290472,-1.9288092,7.4815617,0.18912342
6531397020211,-1.6950383,6.5748863,-0.053081512
6531401750003,-1.5619903,5.5105534,0.07164237
6531420669118,-0.8706732,1.7562876,1.7161994
6531425398909,-0.6637547,0.98880863,2.0957162
6531430128701,-0.5227995,0.28959846,2.2980137
6531444318024,-0.05114484,-0.99172974,1.7681639
6531444318024,-0.05114484,-0.99172974,1.7681639
6531453777607,0.34028387,-1.6209807,1.5450987
6531453777607,0.34028387,-1.6209807,1.5450987
6531458507399,0.5378244,-1.9072914,1.6195978
6531467966930,0.7386944,-2.52315,1.7974756
6531467966930,0.7386944,-2.52315,1.7974756
6531477426513,0.49385893,-3.2830772,2.105445
6531486886045,0.23602605,-3.8215199,2.4939828
6531496345628,-0.13360095,-3.7892618,2.5879824
6531496345628,-0.13360095,-3.7892618,2.5879824
6531501075420,-0.32296014,-3.5814657,2.561087
6531505805159,-0.42496085,-2.9131498,2.2643566
6531515264743,-0.109992504,-0.23273659,1.166298
6531519994534,-0.051986694,0.75796795,0.25645122
6531529454118,0.086760044,3.1201525,-1.8166941
6531529454118,0.086760044,3.1201525,-1.8166941
6531534183857,0.42760217,4.035389,-2.8498735
6531553103024,1.072654,4.473278,-4.376682
6531557832763,0.99814487,3.938509,-4.261565
6531562562555,0.97369814,3.323594,-3.8474078
6531576751930,0.88432944,1.5214767,-1.6452339
6531581481722,0.79041183,1.2826872,-0.8011799
6531586211461,0.9530629,1.1355705,-0.06907195
6531600400836,1.6972806,1.5054541,1.0304432
6531614590159,1.342685,1.7485867,0.9898734
6531614590159,1.342685,1.7485867,0.9898734
6531619319951,1.0331645,1.5254841,0.98581827
6531628779534,0.500046,0.8644552,1.0041181
6531628779534,0.500046,0.8644552,1.0041181
6531633509326,0.22576189,0.53883743,1.0240691
6531647698649,-0.5267458,-0.5884428,1.297314
6531652428441,-0.7283666,-0.92058754,1.354513
6531666617816,-0.7223673,-1.3583841,1.022468
6531666617816,-0.7223673,-1.3583841,1.022468
6531671347555,-0.64629817,-1.3338366,0.98993695
6531680807138,-0.51127315,-1.0607815,0.98184943
6531685536930,-0.3752787,-0.8673363,0.8267827
6531713915628,0.6142745,-0.13610935,-0.31882647
6531723375211,0.58852065,0.27738857,-0.38632768
6531723375211,0.58852065,0.27738857,-0.38632768
6531728105003,0.4609301,0.49937248,-0.50198936
6531737564586,0.13652349,0.94421864,-1.1558087
6531737564586,0.13652349,0.94421864,-1.1558087
6531742294378,-0.039699793,1.1117659,-1.5665859
6531747024118,-0.11917305,1.1685686,-1.9730899
6531751753909,-0.12850833,1.1792259,-2.292429
6531761213493,0.08931637,0.96936417,-2.4903536
6531761213493,0.08931637,0.96936417,-2.4903536
6531770673076,0.5061567,0.7966051,-2.0301464
6531770673076,0.5061567,0.7966051,-2.0301464
6531775402868,0.70525646,0.7199402,-1.7235631
6531780132659,0.89124775,0.66991615,-1.4657362
6531784862451,1.0004656,0.6538658,-1.3016627
6531794321982,0.93398964,0.5188341,-0.79203486
6531794321982,0.93398964,0.5188341,-0.79203486
6531799051774,0.75643134,0.40251637,-0.40219504
6531803781566,0.5987452,0.23225689,-0.029549092
6531808511357,0.44353914,-0.015828133,0.3505437
6531813241149,0.31150877,-0.27725887,0.6695765
6531817970941,0.23538637,-0.5425949,1.004797
6531827430524,0.14348817,-1.1235523,1.5471935
6531827430524,0.14348817,-1.1235523,1.5471935
6531836890107,-0.1982832,-1.5300884,1.842924
6531836890107,-0.1982832,-1.5300884,1.842924
6531841619847,-0.5701809,-1.6614223,1.8959861
6531846349638,-0.92971945,-1.6712337,1.7970468
6531851079430,-1.2561514,-1.5671439,1.5433366
6531860539013,-1.6799278,-1.2501287,1.1411604
6531860539013,-1.6799278,-1.2501287,1.1411604
6531865268805,-1.8444314,-1.1233292,1.0128673
6531869998597,-1.9788113,-0.99530125,0.83985984
6531874728388,-1.9682441,-0.8325691,0.62884235
6531879458180,-1.8556752,-0.6828909,0.4225454
6531884187972,-1.6695297,-0.59151554,0.20395939
6531893647503,-1.3422835,-0.5492039,-0.02197203
6531893647503,-1.3422835,-0.5492039,-0.02197203
6531903107086,-1.0901244,-0.4390669,-0.004491776
6531903107086,-1.0901244,-0.4390669,-0.004491776
6531907836878,-0.9334333,-0.4047613,0.04166919
6531912566670,-0.68957686,-0.38026714,0.10195947
6531917296461,-0.45442486,-0.35843563,0.12144673
6531926756045,-0.17497826,-0.2511692,0.19826627
6531926756045,-0.17497826,-0.2511692,0.19826627
6531936215628,0.049435616,-0.07804203,0.36905688
6531936215628,0.049435616,-0.07804203,0.36905688
6531940945420,0.17625618,0.038129807,0.33417416
6531945675211,0.23113084,0.13265228,0.18455014
6531950405003,0.11165452,0.1888771,0.037238
6531955134795,-0.016964912,0.16868305,0.030929655
6531959864586,-0.15689445,0.1821413,0.1179809
6531969324170,-0.118753195,0.34347248,0.25043678
6531969324170,-0.118753195,0.34347248,0.25043678
6531974053961,-0.17073584,0.4910698,0.09510207
6531978783701,-0.15757918,0.48806477,-0.4310164
6531983513493,-0.117688775,0.45171452,-0.6279227
6531988243336,-0.03689277,0.4441433,-0.68979746
6531992973076,0.08458996,0.5082407,-0.83698577
6532002432659,0.049763203,0.5832491,-0.20671487
6532002432659,0.049763203,0.5832491,-0.20671487
6532007162451,-0.11442661,0.7277336,-0.51538104
6532011892243,0.055630326,0.7141886,-0.69643515
6532016622034,0.13187301,0.574008,-0.4412105
6532021351826,0.32476377,0.44365215,-0.08142322
6532026081618,0.43840218,0.3040676,0.240107
6532035541201,0.43937528,0.059688568,0.6050276
6532035541201,0.43937528,0.059688568,0.6050276
6532045000784,1.1693199,1.2629776,-0.02115357
6532045000784,1.1693199,1.2629776,-0.02115357
6532054460368,0.9848946,0.40210724,0.281913
6532054460368,0.9848946,0.40210724,0.281913
6532059190159,0.635379,-0.08265972,0.47309375
6532063919951,0.29642177,-0.43265343,0.5698725
6532073379534,-0.22000873,-0.3381014,0.5586297
6532073379534,-0.22000873,-0.3381014,0.5586297
6532078109326,-0.30194855,0.10481453,0.41650298
6532092298701,0.76851887,0.5825243,1.73454
6532106488076,0.65496117,-0.8623686,2.3469002
6532106488076,0.65496117,-0.8623686,2.3469002
6532111217868,0.9002572,-1.6292853,1.8741055
6532120677451,1.4291105,-1.0360966,-0.9036112
6532125407243,2.0064437,-0.16117,-1.8057157
6532130137034,2.506126,0.7816696,-2.1316695
6532139596618,2.958561,2.243,-1.9548662
6532144326409,3.147481,2.8195028,-1.7158774
6532153785993,3.018978,3.6631126,-1.3418785
6532158515784,2.7042413,3.9377422,-1.3877411
6532163245576,2.3033614,4.138295,-1.5939307
6532172705159,1.5339987,4.4173403,-2.3396597
6532177434951,1.302267,4.5338573,-2.5747135
6532191624326,1.7179418,5.700057,-1.7853948
6532196354118,2.0648808,6.397438,-1.342006
6532205813701,2.7622495,8.740684,-0.9394038
6532210543493,2.7777412,9.963124,-0.5915391
6532224732868,1.3225837,12.110133,1.783336
6532229462659,0.5950147,12.834344,2.4005127
6532248381826,-2.5784898,14.898487,2.0975072
6532253111618,-3.5621173,15.15101,1.6758922
6532272030836,-5.5620894,17.124931,0.1055983
6532276760628,-6.261385,17.593693,-0.27196637
6532290950003,-7.3457747,18.517376,-1.5918577
6532290950003,-7.3457747,18.517376,-1.5918577
6532295679795,-7.5215387,18.407137,-1.6629536
6532305139378,-8.445266,17.720608,-1.3892195
6532305139378,-8.445266,17.720608,-1.3892195
6532309869170,-8.825432,17.338913,-1.3004677
6532324058545,-7.8879533,15.910305,-0.41059935
6532324058545,-7.8879533,15.910305,-0.41059935
6532328788336,-7.3077755,15.19666,0.22965476
6532333518128,-6.861739,14.476541,0.7600485
6532342977763,-6.43999,12.922948,1.1520612
6532342977763,-6.43999,12.922948,1.1520612
6532347707555,-5.981448,12.199965,1.2675773
6532352437347,-5.3197007,11.411831,1.6201643
6532361896930,-3.8149815,9.071499,2.671496
6532361896930,-3.8149815,9.071499,2.671496
6532366626722,-2.9172478,7.595832,2.862622
6532371356513,-1.9016002,6.1600733,2.5666914
6532380816097,0.33073404,3.4329386,1.7132478
6532380816097,0.33073404,3.4329386,1.7132478
6532385545888,1.2793745,1.901864,1.712677
6532395005472,2.031763,-1.3217497,1.7513471
6532395005472,2.031763,-1.3217497,1.7513471
6532399735263,1.5986719,-2.8833208,1.9445877
6532404465107,0.8040832,-4.440353,2.0893779
6532409194899,-0.108647,-5.9093003,2.1158156
6532413924691,-1.1070876,-7.2712183,2.0781913
6532418654482,-2.0396297,-8.550251,2.0725918
6532428114066,-3.546597,-10.671876,1.6500332
6532428114066,-3.546597,-10.671876,1.6500332
6532432843857,-3.979931,-11.368851,0.85855997
6532437573649,-4.216111,-11.780565,0.5326352
6532447033232,-3.9667966,-11.754172,0.13283703
6532447033232,-3.9667966,-11.754172,0.13283703
6532451763024,-3.5038586,-11.0995865,0.38665405
6532456492868,-3.4160776,-11.033672,0.41400367
6532461222659,-3.25374,-10.998871,0.44672918
6532470682243,-2.7772987,-11.084502,0.40384156
6532470682243,-2.7772987,-11.084502,0.40384156
6532475412034,-2.4514618,-11.149781,0.40638202
6532480141826,-1.963858,-11.22681,0.37018225
6532489601409,-0.6197612,-10.967117,0.098939896
6532494331201,-0.10878023,-10.752636,0.05149642
6532508520628,0.3010605,-10.494924,-0.0092679225
6532513250420,0.31979904,-10.457616,0.025087368
6532522710003,0.25614473,-10.421132,0.021252979
6532527439795,0.23819911,-10.3860855,0.035731494
6532541629222,0.121941626,-12.94974,-1.4300066
6532546359013,-0.06674501,-14.691624,-2.0595636
6532555818597,-0.6362044,-16.982086,-1.3952613
6532560548388,-0.8878392,-17.26481,-0.67024946
6532574737816,0.5100359,-13.041605,-0.57986975
6532579467607,0.27711117,-13.638988,1.3205193
6532593656982,0.38525605,-11.29601,2.1342185
6532607846409,-0.79514456,-9.042999,-2.4276533
6532612576201,-1.2973933,-8.132387,-2.580854
6532626765576,-2.4899805,-5.9014783,-2.1867254
6532631495368,-2.460743,-5.5211163,-1.7652018
6532636225211,-2.4809482,-5.320472,-1.2456512
6532650414586,-1.1223239,-5.664205,-0.38240522
6532655144378,-0.5850737,-6.0035877,0.048091516
6532664603961,0.26369262,-6.1161585,0.34113455
6532669333805,0.63763046,-6.0784364,0.28826594
6532674063597,0.89631796,-6.338769,-0.26216266
6532683523180,1.0126617,-6.877532,-1.6340709
6532688252972,1.1421913,-6.9029984,-1.9529233
6532697712555,1.4563572,-6.551682,-1.9870486
6532707172191,1.167951,-6.58002,-1.3844162
6532707172191,1.167951,-6.58002,-1.3844162
6532716631774,0.8382395,-6.7853727,-1.0655605
6532721361566,0.8067296,-6.8939514,-0.90698826
6532726091357,0.6931053,-6.977639,-0.6570595
6532730821201,0.74086016,-7.25624,-0.27585858
6532735550993,0.26752234,-7.234724,-0.29507598
6532740280784,-0.1733756,-7.197733,-0.3784195
6532745010576,-0.38013914,-7.149984,-0.3885841
6532749740368,-0.33738136,-7.067567,-0.41065067
6532754470211,-0.09312141,-6.914775,-0.36001307
6532759200003,0.40580583,-6.7420483,-0.1283946
6532763929795,1.0338837,-6.6308994,0.1700368
6532768659586,1.85748,-6.5409193,0.44017684
6532773389378,2.5052836,-6.4675894,0.6753714
6532778119222,2.904844,-6.3251743,0.85001135
6532787578805,3.1389914,-5.7461576,1.0768805
6532787578805,3.1389914,-5.7461576,1.0768805
6532792308597,3.0383651,-5.422673,1.2060002
6532797038388,2.8281925,-5.2440543,1.1963155
6532801768180,2.4338908,-5.222056,0.7540078
6532806498024,2.0126343,-5.3229437,0.28317428
6532811227816,1.6397848,-5.3720155,-0.34533155
6532820687399,1.1488625,-5.0807185,-1.3322505
6532820687399,1.1488625,-5.0807185,-1.3322505
6532830147034,0.82699883,-4.8311625,-2.040686
6532830147034,0.82699883,-4.8311625,-2.040686
6532834876826,0.6380764,-4.857441,-2.1182706
6532839606618,0.7549783,-5.2038774,-1.7773402
6532844336409,0.77948034,-5.313261,-1.494752
6532849066201,0.743327,-5.4031887,-1.4819069
6532853796045,0.7495065,-5.800825,-1.3406037
6532863255628,0.61997116,-6.3822565,-1.1906606
6532863255628,0.61997116,-6.3822565,-1.1906606
6532867985420,0.571164,-6.6570663,-1.2391384
6532872715211,0.5634446,-6.7852125,-1.4317601
6532877445055,0.6137719,-6.843464,-1.519227
6532882174847,0.71301055,-6.791337,-1.4799533
6532886904638,0.67244273,-6.8847065,-1.5837826
6532896364274,0.443233,-7.3614416,-1.8977898
6532896364274,0.443233,-7.3614416,-1.8977898
6532901094066,0.5600329,-7.3862057,-1.9351442
6532905823857,0.83314896,-7.1954746,-1.6319741
6532910553649,1.0319247,-6.9089313,-1.1875818
6532915283441,1.090808,-6.4859877,-0.88206196
6532920013284,0.8643891,-5.814309,-0.7274327
6532929472868,-0.09529999,-3.7217965,-1.0899577
6532929472868,-0.09529999,-3.7217965,-1.0899577
6532934202659,-0.9020041,-2.98667,-0.8781359
6532938932503,-1.6955266,-2.6500573,-0.533468
6532943662295,-2.1313598,-2.6268835,0.09944987
6532948392086,-1.9002022,-3.2057447,1.5188723
6532953121878,-1.4060282,-3.9363437,2.947838
6532962581513,0.33921334,-5.496248,5.48348
6532962581513,0.33921334,-5.496248,5.48348
6532972041097,1.5368265,-6.408265,4.677389
6532972041097,1.5368265,-6.408265,4.677389
6532976770941,1.655372,-6.709344,3.4261467
6532981500732,1.5060148,-6.9099984,1.474107
6532986230524,1.2307135,-6.9036894,-0.94057465
6532995690159,0.40479138,-6.264345,-5.2430615
6532995690159,0.40479138,-6.264345,-5.2430615
6533000419951,0.14556159,-5.571058,-6.6330457
6533005149743,0.2190201,-4.7246246,-7.277337
6533009879534,0.14024931,-3.9593458,-7.323428
6533014609326,0.01206474,-3.3299303,-7.110037
6533019339170,-0.15237635,-2.8216476,-6.8944063
6533024068961,-0.36497983,-2.584714,-6.91893
6533028798753,-0.52345794,-2.726285,-6.7965198
6533033528597,-0.5450057,-3.2412329,-6.4910574
6533038258388,-0.23963855,-3.9261298,-6.147812
6533042988180,0.29817194,-4.637278,-6.19273
6533047717972,0.57003903,-5.1545258,-6.58371
6533052447816,0.33818427,-5.3751817,-6.7048597
6533057177607,-0.33639774,-5.297469,-6.0969176
6533061907399,-1.251519,-4.8147845,-4.978297
6533071367034,-2.8025863,-3.2940187,-2.8739355
6533071367034,-2.8025863,-3.2940187,-2.8739355
6533076096826,-3.1850758,-2.4654565,-1.9927973
6533080826618,-3.3267584,-1.6223731,-1.2006474
6533085556409,-3.1792383,-0.870204,-0.4672593
6533090286253,-2.621991,-0.19458675,0.01952529
6533095016045,-1.888001,0.42618084,0.26261938
6533104475680,-1.0042686,1.7025671,0.06984866
6533104475680,-1.0042686,1.7025671,0.06984866
6533109205472,-1.1290263,2.2059193,-0.28680134
6533113935263,-1.4297888,2.5984764,-0.63275594
6533118665107,-1.7183678,2.9093828,-0.91037333
6533123394899,-1.8252324,3.2179203,-1.131417
6533128124691,-1.8722837,3.7322788,-1.6134282
6533137584326,-1.9850321,4.5959425,-1.6980896
6533137584326,-1.9850321,4.5959425,-1.6980896
6533147043909,-1.8505256,5.368017,-1.0067616
6533156503545,-1.2584648,6.735959,0.011695743
6533161233336,-0.8290606,7.4248943,0.16198689
6533165963128,-0.57517284,8.225662,0.28572088
6533175422763,0.4125004,10.091415,0.5104563
6533180152555,0.735507,10.9754305,0.34187764
6533194341982,0.5288353,13.324035,-0.5086284
6533199071774,-0.18933558,13.75558,-0.6074791
6533213261201,-1.8418282,13.846241,-1.0943575
6533213261201,-1.8418282,13.846241,-1.0943575
6533213261201,-1.8418282,13.846241,-1.0943575
6533222720836,-2.377108,12.433486,-2.5530648
6533227450628,-3.0132766,11.272483,-3.5972223
6533232180472,-3.7964797,9.944444,-4.2598743
6533241640055,-4.8283157,7.4524126,-3.8743334
6533246369899,-4.9289513,6.40921,-2.9796157
6533255829482,-4.995266,4.8189373,-0.71601105
6533260559326,-5.2022405,4.392473,0.4561808
6533265289118,-5.459971,4.191578,1.5279776
6533279478545,-5.1185474,4.0883083,3.627318
6533284208388,-4.637018,4.1238766,4.0510564
6533288938180,-4.052041,4.2579613,4.208234
6533303127607,-2.130654,4.9896517,3.619413
6533317317034,0.38206744,6.2359724,2.5209506
6533322046826,0.6590792,6.488469,2.1299024
6533336236253,0.034347773,7.2030478,0.38940388
6533340966097,-0.32034612,7.270274,-0.32875097
6533350425732,-1.1244037,6.8885107,-1.0972161
6533355155524,-1.4745567,6.465805,-1.1361301
6533369344951,-2.2800775,5.4545813,-0.58020914
6533374074743,-1.9522295,5.6755486,-0.22295749
6533383534378,-1.2080476,6.1377754,0.17288125
6533388264222,-0.9326103,6.046857,0.34723604
6533397723805,-0.6409576,5.7454243,0.3943379
6533402453649,-0.363163,5.6664248,0.24954581
6533421372868,1.2835326,3.7034159,0.6879702
6533430832503,1.3907528,2.4115162,0.9506246
6533435562295,1.4397721,1.998414,1.0814965
6533440292138,1.4548339,1.6242981,1.2463201
6533449751774,1.4775771,0.8216114,1.7244947
6533454481566,1.3780351,0.3982134,1.9630032
6533468670993,0.94830334,-0.5196104,2.0963848
6533473400836,0.8557679,-0.5911522,1.9964385
6533482860472,0.5646194,-0.88203144,1.9460317
6533487590263,0.3987254,-1.142086,2.0022368
6533501779691,0.4113798,-1.1340008,1.5546021
6533506509534,0.4219631,-0.9474745,1.2469747
6533515969118,0.55545497,-0.88251114,1.3682743
6533520698961,0.686117,-0.9371519,1.4335003
6533534888388,0.82160616,-0.17239475,1.0592849
6533539618232,0.770419,0.1900053,0.8957787
6533553807659,0.48450077,0.80790806,0.14949477
6533567997086,0.13617456,1.0202637,-1.0528132
6533572726930,0.14098299,1.0258417,-1.2947224
6533586916357,-0.04562092,0.7698202,-0.92705894
6533591646201,-0.06740618,0.6513195,-0.6530479
6533601105836,-0.005767703,0.5392704,-0.398579
6533605835628,0.08459902,0.5384741,-0.2790649
6533620025055,0.19865751,0.13101387,0.19351447
6533634214534,0.3147937,-0.25758266,0.44310462
6533638944326,0.28584647,-0.27372265,0.5053854
6533648403961,0.067439675,-0.35349083,0.56964636
6533653133805,-0.08576071,-0.4075184,0.49987876
6533667323232,-0.09667432,-0.1534214,-0.029392362
6533672053076,-0.03652394,-0.037674904,-0.11833322
6533686242503,0.123675585,-0.024580956,-0.11164296
6533695702138,0.3030237,0.047955513,-0.22915637
6533714621409,0.39542997,0.21050072,-0.010946274
6533724081045,0.14651442,0.05646324,0.15511358
6533728810888,-0.08540475,9.908676E-4,0.1337781
6533743000316,-0.46168542,-0.27760696,0.38948786
6533747730159,-0.4919387,-0.35660553,0.61212
6533757189795,0.535213,-0.050694466,-1.39955
6533761919586,1.8890042,0.33392143,-3.6002002
6533766649430,2.3489516,0.7279272,-4.1076684
6533780838857,2.6219058,1.3802176,1.0859466
6533790298545,-9.093178,-2.4992743,1.665772
6533795028336,-5.47661,-3.0168414,-0.072345376
6533799758180,1.4406444,-0.13165092,0.89991397
6533813947607,-1.3432403,-2.5462565,-2.3903065
6533823407243,-0.34584546,-1.7317176,1.0084062
6533828137086,0.27668774,-1.8018742,0.8879856
6533832866878,0.3759786,-1.5112348,0.447595
6533842326566,0.4192387,-0.93469334,-0.11716199
6533847056357,0.45891023,-0.62950516,-0.22413361
6533861245836,0.50510573,0.4879713,-0.21712637
6533865975628,0.47491086,0.9669447,-0.27640033
6533875435263,-0.052117825,1.8752594,-0.10457218
6533880165107,0.025556087,1.8677807,0.08409321
6533894354586,-0.16371107,1.0340157,0.15616453
6533899084378,-0.019431591,0.7451687,0.49699247
6533913273857,0.0429399,0.38619518,0.82387054
6533927463336,0.20967388,0.88939095,1.5694191
6533932193180,0.48171008,0.7529764,2.0895958
6533941652816,1.3144097,1.2540493,-0.4926058
6533946382607,1.3404123,1.2276812,-0.62390494
6533960572086,1.2429212,0.35638905,0.3232385
6533970031722,1.8693993,-0.5035887,-0.25756514
6533974761566,2.1023028,-0.2496996,-1.3931181
6533984221201,1.51419,0.6027899,-2.8971543
6533988951045,1.1721764,0.6920538,-2.2400272
6533998410680,0.9661083,0.75312805,-0.9998987
6534007870316,0.6336684,0.7797804,-0.3593496
6534012600159,0.41227293,0.7970114,-0.18363619
6534017330003,0.25263882,0.8437748,-0.07652855
6534022059795,0.13471293,0.9532862,-0.042630315
6534026789638,0.062284946,1.1251831,-0.12266064
6534031519482,-0.054010153,1.3161087,-0.228037
6534036249274,-0.20805335,1.5616083,-0.24362862
6534040979118,-0.33633065,1.7872458,-0.22887266
6534045708909,-0.36048555,2.071786,-0.21927714
6534050438753,-0.21845913,2.3076258,-0.18353927
6534055168597,0.016179562,2.5403671,-0.22715425
6534064628232,0.55442786,3.1643362,-0.5848026
6534064628232,0.55442786,3.1643362,-0.5848026
6534074087868,0.54443264,4.227853,-0.60223305
6534074087868,0.54443264,4.227853,-0.60223305
6534088277347,1.5700564,5.29926,-1.4898673
6534088277347,1.5700564,5.29926,-1.4898673
6534093007191,1.789502,5.836896,-1.767319
6534097737034,1.9036757,6.7584925,-2.0544596
6534111926513,1.5279492,9.136468,-1.9379854
6534116656305,1.1391299,9.382074,-1.6516397
6534126115993,0.6635411,9.805772,-0.47185266
6534130845784,0.5788398,10.134732,0.2505268
6534145035263,-1.4429367,11.882478,1.1524154
6534149765107,-2.3722358,12.578797,0.8847073
6534163954586,-4.7320547,13.749487,0.17637575
6534168684430,-5.823238,14.022186,-0.1528399
6534173414222,-7.072508,14.423848,-0.81495905
6534187603753,-9.530059,15.39809,-3.2099109
6534192333545,-10.028274,15.133996,-3.3435638
6534201793232,-11.477813,14.849932,-4.126407
6534206523024,-11.71275,14.846316,-4.58723
6534220712503,-12.012385,13.499995,-3.8625755
6534225442347,-12.302796,12.925044,-3.2637892
6534234902034,-12.246561,12.168884,-2.4075127
6534239631826,-11.75457,11.59811,-2.0350165
6534253821305,-9.357087,9.2903595,-1.2148398
6534268010836,-5.695963,6.479169,-0.62574613
6534272740628,-4.6174645,5.6382456,-0.3307768
6534286930159,-2.4903364,2.0455952,-0.060780227
6534291659951,-2.0203204,0.56384754,0.2958312
6534301119638,-0.6897844,-2.5273094,1.2836592
6534305849430,-0.08318055,-3.9368148,1.668503
6534320038961,0.19290006,-7.9252024,1.6061672
6534324768753,0.043826163,-9.097631,1.7051055
6534334228441,-0.07198346,-10.57552,1.2812146
6534338958284,-0.17078537,-10.867811,0.6173886
6534353147763,-0.7036107,-10.970105,-0.44095412
6534357877607,-0.40847695,-10.883552,-0.49734518
6534372067086,0.41176742,-10.427575,0.1873441
6534381526722,0.039274275,-10.511959,0.30117542
6534386256566,-0.5236877,-10.615928,0.4015146
6534390986409,-1.4419911,-10.824774,0.56851053
6534400446097,-3.984932,-11.728474,1.0951343
6534405175888,-4.507475,-12.10978,0.982349
6534419365420,-3.5583107,-12.217491,0.3074795
6534424095211,-3.1366103,-11.98996,0.120958716
6534433554899,-1.7294358,-11.431912,-0.10936418
6534438284743,-1.008525,-11.077589,-0.22075722
6534452474222,-0.1997448,-10.182409,-0.31151184
6534457204066,-0.17084199,-10.107781,-0.29695788
6534471393545,-0.2694087,-10.058848,-0.42659748
6534485583076,-0.41012388,-9.992402,-0.53461117
6534490312920,-0.39359754,-9.951221,-0.49791
6534504502399,1.799525,-9.116845,3.0136042
6534509232243,2.658485,-8.537674,3.2837667
6534523421722,2.740471,-8.604993,-0.18279248
6534532881409,1.920434,-8.446399,-2.3155923
6534537611253,1.2881945,-8.16177,-2.9648428
6534542341097,0.37469172,-7.602087,-4.030365
6534556530576,-1.9130503,-6.8084126,-2.3587735
6534565990263,-0.87733054,-6.5144796,-0.6459652
6534570720107,-0.41072375,-6.4897766,-0.23737645
6534575449899,-0.06607497,-6.4541774,0.38744807
6534589639430,0.56189287,-7.1634836,0.34923267
6534594369274,0.57683516,-7.551583,-0.32269084
6534599099118,0.49560666,-7.8638287,-0.72604907
6534613288597,0.22494936,-8.346424,-0.69800735
6534627478128,0.29594433,-7.966308,-0.90384364
6534632207972,0.34030664,-7.7585325,-1.1368732
6534641667607,0.5844189,-7.496329,-1.7202659
6534646397451,0.7495568,-7.5444384,-2.0489357
6534651127295,0.8925543,-7.6288996,-2.4381049
6534665316826,1.3074273,-7.948353,-3.1829371
6534674776461,1.4987326,-8.147113,-3.1415896
6534679506305,1.3753934,-8.253652,-3.011245
6534684236149,1.1891811,-8.424764,-2.8390474
6534693695836,0.86790335,-8.74337,-2.5792842
6534698425680,0.7238014,-8.83846,-2.5487084
6534707885368,0.3293891,-8.9001045,-2.5434651
6534712615159,0.16519809,-8.804449,-2.4475546
6534717345003,0.004474759,-8.682804,-2.3439803
6534726804691,-0.24664319,-8.393216,-2.1039002
6534731534534,-0.59942216,-8.581513,-1.89296
6534740994222,-1.1289037,-8.788958,-1.6115261
6534745724066,-1.1694527,-8.686466,-1.512045
6534750453909,-1.1579909,-8.486605,-1.4898536
6534759913545,-0.89146864,-7.8168325,-1.7164208
6534764643388,-0.53906804,-7.4355335,-2.0838888
6534783562763,0.20587981,-6.65609,-1.0191789
6534788292607,-0.19597536,-7.045009,-1.1034768
6534793022451,-0.6970689,-7.4261117,-1.3212546
6534807211930,-1.7598541,-8.273672,-1.203918
6534811941774,-2.0400183,-8.611322,-1.0418341
6534816671618,-2.273448,-9.000654,-1.0355167
6534830861149,-2.5155735,-9.451248,-1.2938344
6534835590993,-2.512954,-9.495957,-1.5727913
6534840320836,-2.122891,-9.220189,-2.082777
6534854510368,0.44966465,-7.341103,-2.8012776
6534859240211,1.362879,-6.4888835,-2.8450365
6534868699847,2.67136,-5.145431,-2.1501052
6534873429691,2.8908343,-4.918747,-1.6060623
6534882889378,2.184517,-5.301649,-0.8797477
6534887619222,1.2957518,-5.601613,-0.5896766
6534892349066,0.28364125,-5.8594885,-0.45935357
6534906538597,-2.6445148,-6.10538,-0.9010345
6534920728128,-2.5415118,-4.1345963,-0.0065809214
6534925457972,-1.6409848,-3.0389051,0.37389612
6534934917659,0.54367745,0.19286633,0.6572122
6534939647503,1.7101175,2.2045631,0.86836207
6534944377347,2.9114757,4.0966196,1.0155034
6534953837034,4.13327,7.0149145,0.2579763
6534958566878,3.7568817,8.373424,-0.21626844
6534968026566,1.6935376,10.183024,-0.5716722
6534972756357,-0.7051238,10.872302,-1.0129992
6534986945888,-9.66905,10.547976,-3.1831193
6534991675732,-12.359923,10.135587,-3.024126
6535005865263,-14.695101,9.805126,-3.722508
6535010595107,-14.649068,10.344635,-4.25772
6535015324951,-14.684697,11.056556,-4.5085483
6535020054795,-14.701344,11.661749,-4.6031914
6535034244326,-12.271545,14.061456,-5.313149
6535034244326,-12.271545,14.061456,-5.313149
6535038974170,-10.586849,15.1882515,-5.6172943
6535043704013,-8.995348,16.091145,-5.915247
6535048433857,-7.5642376,16.500717,-5.9912944
6535053163701,-6.363318,16.441715,-6.112956
6535057893545,-5.375506,16.123177,-6.30869
6535062623388,-4.4637175,15.986186,-6.208955
6535067353232,-3.9691396,16.321072,-5.397425
6535072083076,-4.116497,17.604023,-4.119133
6535076812920,-4.3099084,19.646255,-3.410917
6535081542763,-4.037992,21.323303,-3.1277723
6535086272607,-3.2484858,21.115364,-2.9100285
6535095732295,-3.313596,20.330803,-3.755181
6535095732295,-3.313596,20.330803,-3.755181
6535100462138,-3.787678,19.871256,-4.7130075
6535119381513,-7.669564,16.334526,-4.894525
6535119381513,-7.669564,16.334526,-4.894525
6535124111357,-5.720005,14.846016,-3.6251678
6535143030732,-1.3268049,3.2331324,-0.16991365
6535147760576,-0.29715276,1.6140785,0.5385587
6535166679951,2.833927,-3.0888171,3.3484707
6535171409795,3.1382854,-4.023581,3.8898335
6535176139691,3.234082,-4.79297,4.338483
6535190329222,3.0739307,-5.9157715,5.385243
6535204518753,2.4731898,-5.9510107,5.240931
6535209248597,2.3748102,-5.671237,5.363814
6535218708284,2.2869775,-4.779917,5.2362943
6535223438128,2.0516894,-4.2350616,4.8512726
6535237627659,0.670838,-1.4793758,2.5402927
6535242357503,0.59761286,-0.464283,1.3680831
6535251817191,0.05262661,1.1311064,-0.2049501
6535256547034,0.15601003,1.216835,-0.5885948
6535261276878,-0.012432814,1.4338818,-1.0473974
6535270736566,-0.04851508,1.4133024,-2.3979347
6535275466461,0.15357673,1.4215326,-2.7982826
6535289655993,1.1320195,1.3441811,-2.5629563
6535294385836,1.425518,1.4190273,-2.2236059
6535303845524,1.8683903,1.759532,-1.1685251
6535308575368,2.025702,1.9304953,-0.6037909
6535313305211,2.195941,2.040204,-0.13861036
6535318035055,2.3405077,2.0793543,0.20220149
6535322764899,2.4687142,1.9764233,0.4387102
6535327494743,2.5613024,1.7388277,0.64328396
6535332224586,2.6372004,1.4718313,0.76805913
6535341684274,2.6783595,0.8590822,0.7755245
6535341684274,2.6783595,0.8590822,0.7755245
6535346414118,2.604636,0.5800209,0.60699415
6535351144013,2.393117,0.41679,0.438362
6535370063388,1.0232574,-0.12338352,0.27319896
6535370063388,1.0232574,-0.12338352,0.27319896
6535374793232,0.80563664,-0.29232502,0.3385024
6535393712607,-0.07300234,-1.3632941,0.6757032
6535393712607,-0.07300234,-1.3632941,0.6757032
6535398442451,-0.2468884,-1.5523548,0.81664014
6535403172347,-0.4140091,-1.6958771,1.0298076
6535412632034,-0.822227,-1.9671612,1.6215914
6535412632034,-0.822227,-1.9671612,1.6215914
6535417361878,-1.0925162,-2.0120678,1.8607897
6535426821566,-1.5979538,-1.9986238,1.8621551
6535431551409,-1.5958941,-2.2607102,1.3192767
6535436281253,-1.9505155,-2.2205496,1.2229567
6535445740993,-2.4657784,-1.9493217,1.067097
6535450470836,-2.4541616,-1.8231301,1.0488819
6535464660368,-2.279507,-2.073533,0.8994946
6535469390211,-2.1457572,-2.076702,0.5450491
6535474120055,-1.7058811,-1.991394,0.20533979
6535478849899,-1.1156492,-1.7380476,0.30149496
6535483579743,-0.51704216,-1.5001388,0.7841557
6535497769326,0.11312127,-1.4023128,0.9817064
6535502499170,0.29025865,-1.444448,0.5577713
6535511958857,0.04677427,-3.2194843,-0.86160326
6535516688701,0.52409506,-3.054587,-2.2107606
6535530878284,2.0347216,0.3419752,-1.6823399
6535535608128,2.7925577,1.7305431,-1.8997602
6535545067816,2.597366,2.1771774,-3.9674928
6535549797659,1.9647741,2.1363182,-5.5666523
6535563987243,1.3131061,2.7508984,-6.6365957
6535568717086,1.1910709,2.7585363,-6.0372567
6535578176774,0.49503493,2.0349712,-3.93032
6535582906618,0.39740372,1.7540035,-2.4279985
6535587636461,0.35905325,1.4781847,-1.2524304
6535597096201,0.11047745,0.9879656,0.40549803
6535597096201,0.11047745,0.9879656,0.40549803
6535601826045,0.024907708,0.8266964,0.8193152
6535611285732,-0.2196964,0.5876684,0.91001296
6535616015576,-0.299685,0.55006313,0.8039844
6535620745420,-0.43278253,0.51335716,0.66420496
6535630205159,-0.9175333,0.3826151,0.44981492
6535634935003,-1.0206364,0.48427105,0.29071236
6535644394691,-0.84900296,0.6164465,-0.0048410892
6535649124586,-0.76361525,0.6013813,-0.11349225
6535653854430,-0.7009944,0.48121262,-0.1702125
6535658584274,-0.7142563,0.22254086,-0.024287343
6535668043961,-0.59121513,-0.47325134,0.82945734
6535677503701,-0.50013304,-0.9879074,1.7017623
6535682233545,-0.37976098,-1.1032515,1.9469907
6535686963388,-0.21102715,-1.1247253,1.8736694
6535691693232,-0.091204405,-1.198185,1.5486736
6535701152972,-0.18861175,-1.3574715,1.2213469
6535701152972,-0.18861175,-1.3574715,1.2213469
6535705882816,-0.3179977,-1.3141785,1.1694397
6535710612659,-0.47707796,-1.1746855,1.3445528
6535729532086,-0.30998516,0.121334076,2.11385
6535738991774,-0.42163253,0.5847521,2.3046155
6535738991774,-0.42163253,0.5847521,2.3046155
6535748451461,-0.30348158,1.0295191,1.709383
6535748451461,-0.30348158,1.0295191,1.709383
6535753181357,-0.29381084,1.3264637,1.220401
6535762641045,0.34990442,2.5114107,-0.70116425
6535767370888,0.28548634,1.7881413,-0.50494146
6535772100732,-0.17411041,0.8810854,-0.057656765
6535776830628,-0.09006643,0.923336,-0.47068465
6535781560472,-0.070248365,0.6422157,-0.32398677
6535786290316,-0.12726545,0.40366554,-0.15309525
6535791020159,0.023638964,0.29622173,0.0046542883
6535795750003,0.24865937,0.23145008,0.10705495
6535800479899,0.4717437,0.16887283,0.367701
6535809939586,0.9722537,0.13245869,0.8980302
6535819399274,1.4285905,0.06903076,1.0403926
6535824129170,1.4597619,0.013356209,0.9720491
6535828859013,1.3549091,0.023103714,0.8944393
6535838318701,0.84697485,0.24783516,0.622152
6535843048597,0.5411278,0.45757198,0.39533603
6535852508284,0.1004256,0.8840599,-0.25071347
6535857238128,-0.078125715,1.1171904,-0.6121259
6535861967972,-0.21574497,1.3521824,-0.913332
6535876157555,-0.31301975,2.124817,-1.716344
6535876157555,-0.31301975,2.124817,-1.716344
6535885617295,-0.20185876,2.631154,-2.031845
6535895076982,0.14431632,3.2255201,-1.7484988
6535899806826,0.39080763,3.6105003,-1.5176293
6535904536722,0.71884894,4.1149654,-1.1432948
6535909266566,0.96476555,4.689044,-0.68398243
6535913996409,1.206734,5.378603,-0.15964067
6535918726253,1.4771206,6.138592,0.40517384
6535923456097,1.692519,6.952445,0.913898
6535928185993,1.8452182,7.664748,1.2884496
6535932915836,1.8096962,8.239604,1.6993616
6535942375524,1.4396195,9.566973,1.9707054
6535942375524,1.4396195,9.566973,1.9707054
6535951835263,0.9411404,10.70759,1.135819
6535951835263,0.9411404,10.70759,1.135819
6535956565107,0.48190975,11.1511,0.68871474
6535961294951,-0.17002106,11.345265,0.7636541
6535980214378,-2.769139,12.479088,-0.4466524
6535984944274,-2.7256281,13.000559,-0.9681761
6536003863701,-4.0427194,13.333751,-2.9418685
6536013323388,-5.141568,13.998033,-3.2218451
6536013323388,-5.141568,13.998033,-3.2218451
6536018053232,-5.610205,14.661834,-3.1090655
6536032242816,-7.4828568,15.8715315,-3.2520354
6536036972711,-7.7726526,16.00864,-3.3634243
6536051162243,-7.027979,15.61182,-3.2248235
6536065351826,-6.2481527,13.208296,-2.4892578
6536070081670,-5.830704,12.765356,-1.9894829
6536079541409,-4.45229,12.128627,-1.2756658
6536084271253,-3.877338,11.497711,-1.0854061
6536093730993,-3.12521,9.4923,-0.25506747
6536098460836,-2.604772,8.364243,0.1874274
6536103190680,-1.8042318,7.342082,0.42384166
6536117380263,0.11029883,3.770505,0.9296022
6536131569847,0.2637553,-0.12974644,0.77835774
6536136299691,0.24864621,-1.3613834,0.10247779
6536145759430,-0.32819593,-3.7594342,-0.94260883
6536150489274,-0.9222193,-4.9977417,-1.2111276
6536155219170,-1.5460138,-6.237452,-1.3158474
6536164678857,-2.7935832,-8.701482,-0.90632784
6536169408701,-3.215114,-9.775115,-0.43522716
6536178868441,-3.7656949,-11.075932,0.7534818
6536183598284,-3.2784138,-11.458803,1.1384969
6536188328180,-2.2862055,-10.997519,1.4882333
6536202517763,-1.3346256,-10.879235,1.7292485
6536202517763,-1.3346256,-10.879235,1.7292485
6536211977451,-1.0979922,-10.866873,1.2030916
6536216707295,-0.9219485,-10.832977,0.97905743
6536221437191,-0.7922609,-10.791755,0.8627839
6536230896878,-0.48409718,-10.672963,0.6807246
6536235626774,-0.2884097,-10.571516,0.60779566
6536249816357,-0.035653915,-10.347755,0.42057255
6536264005941,0.06866435,-10.220654,0.2954241
6536268735784,0.033797752,-10.20421,0.25608018
6536282925368,-0.040338874,-10.151285,0.13529587
6536287655211,-0.059688166,-10.138825,0.08617011
6536292385107,-0.10500455,-10.133332,0.03938804
6536301844795,-0.13967699,-10.109761,-0.03057234
6536306574691,-0.19603723,-10.084534,-0.08952203
6536311304534,-0.20423317,-10.090189,-0.11506465
6536320764274,-0.24847597,-10.048296,-0.19979328
6536325494118,-0.2654189,-10.031838,-0.24226123
6536339683701,-0.48228294,-10.394502,-0.2015278
6536344413545,-0.59971917,-10.749177,-0.07473424
6536353873284,-0.29097182,-10.841175,-0.008954555
6536358603128,0.07930869,-10.471119,-0.04353854
6536363333024,0.4659009,-9.837564,-0.1611174
6536372792711,0.90645486,-8.235613,-0.63027585
6536377522607,0.23784369,-6.8484983,-0.19585311
6536391712191,0.5651321,-7.475809,1.1934313
6536405901774,0.3983503,-7.042138,0.42373252
6536410631618,0.64380306,-6.754423,0.58168215
6536424821201,0.32447833,-5.522282,0.99666095
6536434280941,-0.08071679,-5.8873453,0.5552717
6536439010784,-0.073081255,-6.1117983,0.2989344
6536443740628,0.07645565,-6.311809,0.36042273
6536457930263,0.40833998,-6.59985,1.3838879
6536462660107,0.28161317,-6.699586,1.3657765
6536472119847,0.1411916,-6.6778154,0.80414253
6536476849691,0.20067215,-6.594716,0.36642164
6536491039274,-0.10369092,-7.434309,-0.9073222
6536495769118,-0.08308357,-7.685391,-1.1875926
6536505228857,0.16020012,-8.019831,-1.2974408
6536509958753,0.3988874,-8.20595,-1.0224043
6536519418441,0.5600398,-8.479522,-1.0505474
6536524148336,0.5012553,-8.500088,-1.0144598
6536528878180,0.4515245,-8.510175,-1.0016077
6536538337920,0.33659375,-8.6160755,-0.9873
6536543067763,0.1531347,-8.70709,-0.9333316
6536557257347,-0.46578598,-8.886113,-0.73985064
6536561987243,-0.5301157,-8.877935,-0.6255114
6536571446930,-0.56276417,-8.723063,-0.43197176
6536576176826,-0.6050563,-8.679232,-0.3815505
6536580906670,-0.6278266,-8.625129,-0.3690998
6536590366409,-0.75510716,-8.474349,-0.438226
6536595096253,-0.8867115,-8.232303,-0.730037
6536604555993,-1.1241251,-7.179651,-1.365748
6536609285836,-1.1202829,-6.9007063,-1.0622375
6536623475472,-0.5721626,-6.268318,0.33030915
6536628205316,-0.18039227,-6.0489416,0.9128272
6536637665055,0.31757855,-6.7023096,1.0072044
6536642394899,0.23556757,-7.4826946,0.15386413
6536661314378,-0.58078253,-9.484661,-0.11804712
6536670774066,-1.0911235,-9.631256,0.60412776
6536675503961,-1.3063277,-9.637208,0.68774194
6536689693545,-2.005521,-8.960821,-0.5897244
6536703883128,-2.7172294,-7.200127,-1.0136249
6536703883128,-2.7172294,-7.200127,-1.0136249
6536708613024,-2.9560323,-6.5795813,-0.9099522
6536713342868,-2.965941,-6.0551553,-0.7162208
6536718072763,-2.797791,-5.660136,-0.5548884
6536727532451,-2.4391623,-4.894541,-0.7734995
6536736992191,-2.090799,-3.9511366,-1.1829023
6536736992191,-2.090799,-3.9511366,-1.1829023
6536741722086,-1.8637003,-3.2184806,-1.3523085
6536746451930,-1.4963397,-2.4915228,-1.334035
6536751181774,-1.0388637,-1.775084,-1.2654295
6536755911670,-0.5818258,-1.0621052,-1.2984408
6536760641513,-0.21096003,-0.3909521,-1.3412741
6536770101253,0.5395051,0.6563349,-0.8195026
6536784290836,0.6802207,2.6484222,0.8976778
6536789020732,0.15539274,3.3836746,0.9879395
6536793750576,-0.4005979,4.0885754,0.9129753
6536803210316,-2.2138126,5.2842607,0.78673124
6536803210316,-2.2138126,5.2842607,0.78673124
6536807940159,-3.1303315,5.744073,0.6686281
6536812670055,-3.2749531,6.161991,0.5487413
6536817399899,-3.4015644,7.118493,-0.16787541
6536822129795,-3.3439755,8.696123,-1.2763697
6536826859638,-2.6184301,10.453952,-2.592483
6536836319378,-0.22798657,12.898389,-3.8635464
6536845779118,1.5385666,12.310418,-3.7433918
6536850508961,1.4775043,11.834357,-3.6431127
6536855238857,1.3174317,11.186445,-3.4581628
6536869428441,-0.3719082,9.879489,-3.204291
6536869428441,-0.3719082,9.879489,-3.204291
6536883618024,-3.8713546,8.906635,-4.021492
6536883618024,-3.8713546,8.906635,-4.021492
6536888347920,-4.5529695,9.032242,-5.165164
6536897807607,-3.354829,9.745391,-7.0285053
6536902537503,-2.4208803,10.120702,-7.1701517
6536911997243,-1.5309343,10.636973,-6.6821938
6536916727086,-1.595612,10.618713,-6.555307
6536921456982,-1.8239343,10.562373,-6.4169664
6536930916722,-1.9922299,10.285614,-5.9475594
6536935646566,-2.090273,10.051252,-5.750867
6536940376409,-2.405784,9.772221,-5.5984964
6536949836149,-2.6821373,9.042562,-4.9289346
6536954566045,-2.1628232,8.717038,-4.2692943
6536964025784,-0.9019308,8.063561,-2.590511
6536968755628,-0.37861252,7.6483517,-1.6870229
6536982945263,0.46358538,6.4094305,0.7201021
6536987675107,0.487535,5.9218235,1.4976802
6537001864691,-0.29472804,5.21875,5.0518885
6537016054326,-2.0918982,6.1826973,8.462649
6537020784170,-2.949227,6.4715805,9.037125
6537039703649,-6.4790025,6.9457254,7.0649743
6537049163388,-6.919109,6.510355,5.298438
6537053893232,-6.9434032,6.0949507,4.4818716
6537068082868,-5.953504,4.0937147,1.9359506
6537072812711,-5.345469,3.2676935,1.219695
6537087002347,-3.2539077,1.0324621,0.25748956
6537087002347,-3.2539077,1.0324621,0.25748956
6537096462086,-1.478508,0.09975815,0.22577763
6537101191930,-0.54811764,-0.26639843,0.42781085
6537105921826,0.34014606,-0.47906685,0.70007783
6537115381566,1.5980659,-0.7227621,1.1505778
6537120111409,1.9765135,-0.91600513,1.2243829
6537134300993,2.5510745,-1.2344966,1.2008299
6537139030888,2.506281,-1.3841739,0.9850962
6537153220472,2.0195913,-1.8258376,0.11136562
6537167410107,1.9386301,-2.104805,-0.86428565
6537172139951,2.0455823,-2.158167,-1.0491196
6537181599691,2.2847998,-1.6290722,-0.9997263
6537186329586,2.3078296,-1.3552623,-0.8896377
6537195789326,2.2808423,-1.2683425,-1.0676858
6537200519170,2.1414495,-1.4185214,-1.0927305
6537205249066,1.9992472,-1.6169457,-1.1305494
6537219438649,1.3390712,-2.0475807,-1.23367
6537228898388,0.8675659,-1.7442427,-1.3064177
6537233628284,0.63416386,-1.5622425,-1.1854155
6537247817868,-0.17973971,-1.2746258,-0.20198566
6537252547763,-0.3300953,-1.0927215,0.21166748
6537266737347,-0.518538,-0.5626888,0.6740109
6537271467243,-0.48829174,-0.41086578,0.7586946
6537280926982,-0.3642025,0.05604458,0.6916792
6537285656826,-0.17517853,0.47370243,0.23124456
6537290386722,0.017441034,0.9884138,-0.51945275
6537299846461,-0.10315132,1.2009478,-0.61527056
6537304576305,-0.15842104,1.1605444,-0.3531708
6537309306201,-0.19238758,1.1758709,-0.27714932
6537314036045,-0.31439233,1.2303524,-0.41805005
6537318765941,-0.1796825,1.1808023,-0.7260462
6537323495784,-0.18046355,1.1182365,-0.8309252
6537328225680,-0.19971204,1.0952139,-0.7620112
6537332955524,0.32927752,0.8250656,-0.78036207
6537337685420,0.019209385,0.7690773,-0.40714598
6537342415263,-0.06598973,0.80966854,-0.33582067
6537347145159,-0.2860031,0.8364792,-0.3152771
6537356604899,-0.28278422,0.9193115,-0.12388742
6537356604899,-0.28278422,0.9193115,-0.12388742
6537361334743,-0.24924254,0.98002243,-0.19744581
6537370794482,-0.2054131,0.6578665,-0.09140706
6537370794482,-0.2054131,0.6578665,-0.09140706
6537380254274,-0.38209367,0.31373024,0.26008403
6537380254274,-0.38209367,0.31373024,0.26008403
6537384984118,-0.3460052,0.14746857,0.05469477
6537389714013,-0.34505057,-0.0060186386,-0.31922412
6537399173753,-0.6405065,-0.33586597,-0.4309339
6537403903597,-1.067527,-0.3698721,-0.15580988
6537413363336,-0.99500895,-0.46002388,-0.44171464
6537413363336,-0.99500895,-0.46002388,-0.44171464
6537418093232,-0.7193699,-0.45908356,-0.52981645
6537422823076,-0.39180136,-0.40426064,-0.17538953
6537432282816,0.16125274,-0.5502033,1.1266142
6537432282816,0.16125274,-0.5502033,1.1266142
6537437012711,0.23103762,-0.6427622,1.4043599
6537455932191,-0.20982194,-0.39515114,0.6169803
6537455932191,-0.20982194,-0.39515114,0.6169803
6537465391930,0.11807823,-0.24326324,0.18196762
6537465391930,0.11807823,-0.24326324,0.18196762
6537470121826,0.2923522,-0.18025208,-0.052382946
6537479581566,0.54747486,-0.14509678,-0.2833618
6537484311409,0.5522382,-0.21556091,-0.39846945
6537489041305,0.5299454,-0.31589127,-0.48719966
6537503230888,0.08062148,-0.5169945,-0.47916162
6537517420524,-0.6125219,-0.5019417,-0.28399122
6537522150420,-0.7801714,-0.5000973,-0.15818012
6537536340003,-0.9973211,-0.43826008,0.020305753
6537541069899,-1.0668533,-0.30354977,-0.059272647
6537545799743,-1.0823097,-0.23480034,-0.063025594
6537550529638,-1.0721614,-0.22705364,-0.012390256
6537555259534,-1.0454469,-0.26330662,0.13584566
6537564719274,-0.85418487,-0.28534508,0.5446907
6537569449118,-0.6556957,-0.15152168,0.55709386
6537588368597,0.29014134,0.34339142,0.35351682
6537602558232,0.52884173,0.19897175,0.78005505
6537612017972,0.4986453,0.07139206,0.93217874
6537612017972,0.4986453,0.07139206,0.93217874
6537621477711,0.25626993,0.006149292,0.82638216
6537630937451,-0.34990406,-0.28291512,0.639873
6537630937451,-0.34990406,-0.28291512,0.639873
6537635667347,-0.56313396,-0.41300106,0.5558872
6537640397243,-0.7084844,-0.52256966,0.5622976
6537645127086,-0.7692089,-0.53035736,0.6231859
6537654586826,-0.67712927,-0.4462366,0.5065932
6537654586826,-0.67712927,-0.4462366,0.5065932
6537659316722,-0.57220006,-0.44260502,0.32643127
6537664046566,-0.43021464,-0.4110222,0.20754671
6537668776461,-0.24107862,-0.32256794,0.22143745
6537673506357,-0.08323145,-0.22725296,0.26501632
6537678236201,0.024551868,-0.13924408,0.23285723
6537687695941,0.1096015,-0.06814766,-0.13895428
6537701885576,0.181499,-0.0046663284,-0.7358372
6537706615472,0.20566988,-0.015240669,-0.7414032
6537716075211,0.19081044,-0.10186005,-0.61259377
6537720805055,0.3212149,-0.11343479,-0.5930512
6537734994691,0.95071006,0.13403225,-0.574818
6537739724586,1.1152291,0.16043472,-0.34148228
6537749184326,1.0711465,0.16536427,0.04270315
6537753914170,0.9553683,0.11004734,0.036585093
6537768103805,0.54016376,-0.13806725,-0.10337067
6537772833701,0.37973404,-0.20466709,-0.089589
6537782293441,-0.052890778,-0.084939,-0.21039677
6537787023336,-0.25197554,-0.03293705,-0.4170072
6537801212920,-0.2829473,-0.011305809,-0.6456915
6537805942816,-0.13707638,0.04185772,-0.61740017
6537815402555,0.07329321,0.15825272,-0.5467231
6537820132451,0.088139296,0.190485,-0.4154601
6537824862295,-0.025770187,0.19412231,-0.2102747
6537834322034,-0.31808257,0.20572853,0.019022703
6537839051930,-0.65804195,0.12707138,0.1006999
6537848511670,-1.3011487,-0.1957407,0.47872257
6537853241566,-1.288837,-0.23926449,0.7091919
6537867431149,-0.4717331,-0.037261963,0.81143045
6537872161045,-0.11501503,0.050828934,0.8464079
6537881620784,0.23787904,0.061379433,0.61373436
6537886350680,0.24340034,0.010315895,0.5459522
6537900540316,0.13150883,-0.31219387,0.81899965
6537905270159,0.11807442,-0.44899082,0.74354136
6537914729951,0.17020011,-0.49008846,0.45194483
6537919459795,0.25512815,-0.3823223,0.17981708
6537933649430,0.50692296,-0.21419334,-0.5591041
6537938379326,0.52899957,-0.15938568,-0.629735
6537947839066,0.6959858,0.0956049,-0.52546275
6537952568909,0.8055258,0.14046669,-0.51988935
6537957298805,0.8114927,0.1359253,-0.527549
6537971488441,0.35313988,0.033122063,-0.056132674
6537985678076,-0.07739234,-0.087459564,0.42793238
6537990407920,-0.26994848,-0.11479092,0.50764394
6537999867711,-0.25655127,-0.103681564,0.3279915
6538004597555,-0.19611144,-0.06974888,0.16359425
6538014057347,-0.12985635,-0.04484558,-0.31703353
6538018787191,-0.1839664,-0.044148445,-0.4813913
6538023517086,-0.16645789,-0.028934479,-0.58231974
6538032976826,-0.30687904,-0.07225704,-0.4821018
6538037706722,-0.35515976,-0.080815315,-0.35467613
6538051896305,-0.28149867,-0.009633064,-0.30710626
6538056626201,-0.2122097,0.01941681,-0.26649487
6538066085941,-0.04438114,0.108675,-0.22308934
6538070815836,0.0042612553,0.12120819,-0.26580715
6538085005472,0.11232209,0.2367239,-0.59521973
6538089735316,0.088456154,0.20486546,-0.69118834
6538099195107,-0.15994954,0.15845394,-0.5471284
6538103924951,-0.31564355,0.064759254,-0.37611198
6538113384743,-0.4636991,0.0011882782,0.075312614
6538118114586,-0.4946084,-0.019208908,0.24208951
6538122844482,-0.5678568,-0.09681034,0.40239263
6538137034118,-0.44070888,-0.08607674,0.31187868
6538141763961,-0.2899015,-0.050948143,0.11487806
6538146493857,-0.17856288,-0.011375427,-0.09042084
6538155953597,0.007715225,0.024579048,-0.28571987
6538160683493,0.035826206,0.03549385,-0.2747301
6538170143232,0.032970667,0.07176113,-0.29072893
6538174873128,0.009256601,0.0970335,-0.15590811
6538179603024,0.03106618,0.0818367,0.022927403
6538189062763,0.1676457,0.13969135,0.054761767
6538193792659,0.2040801,0.1792574,-0.07151544
6538198522503,0.14355636,0.17840958,-0.16850913
6538203252399,0.07218027,0.13508034,-0.1819905
6538207982295,-0.048095465,0.09700489,-0.095921874
6538212712138,-0.11245084,0.12578773,0.013285875
6538222171878,-0.16984963,0.06940651,0.1112771
6538226901774,-0.21093035,0.008489609,0.12192929
6538231631670,-0.23042154,-0.089879036,0.13219559
6538236361513,-0.22162962,-0.14240932,0.14200008
6538241091409,-0.23479629,-0.15665531,0.13232923
6538245821305,-0.26035357,-0.16862011,0.15120542
6538250551149,-0.2507751,-0.20448685,0.24857223
6538255281045,-0.26084518,-0.2735691,0.32449925
6538264740784,-0.17600274,-0.3399315,0.33709145
6538269470680,-0.13851619,-0.3209839,0.23443091
6538274200576,-0.0710094,-0.28822613,0.14525592
6538278930420,-0.0069873333,-0.25123215,0.08336604
6538288390211,0.17105842,-0.14069366,-0.10921943
6538288390211,0.17105842,-0.14069366,-0.10921943
6538293120055,0.3164158,-0.12618065,-0.23758805
6538297849951,0.43523836,-0.09963226,-0.30335116
6538307309691,0.5376196,-0.010606766,-0.26194906
6538307309691,0.5376196,-0.010606766,-0.26194906
6538312039586,0.5027566,-6.67572E-4,-0.25271416
6538321499326,0.30577397,0.059825897,-0.27318418
6538330959118,0.2344768,0.08694363,-0.2882321
6538330959118,0.2344768,0.08694363,-0.2882321
6538340418857,0.118941545,0.036917686,-0.22930562
6538340418857,0.118941545,0.036917686,-0.22930562
6538345148753,0.057592392,0.062153816,-0.14260244
6538349878597,-0.0030624866,0.04927349,-0.09457624
6538354608493,-0.015626669,0.06262207,-0.08951247
6538364068232,-0.12118912,0.015437126,-0.05315137
6538364068232,-0.12118912,0.015437126,-0.05315137
6538368798128,-0.25945568,-0.040096283,-0.01949811
6538373528024,-0.28585386,-0.03139305,0.0070539713
6538378257920,-0.2342937,-0.025371552,0.071771145
6538382987763,-0.12167215,-0.02427864,0.15310812
6538387717659,-0.04778099,-0.011336327,0.19868064
6538397177399,0.06597543,-0.04924202,0.083777666
6538406637191,0.07380009,-0.026699066,-0.16490442
6538411367034,0.041488886,-0.015257835,-0.21271843
6538416096930,0.030985832,-0.015611649,-0.21825653
6538420826826,0.025361776,-0.058558464,-0.23406446
6538425556670,0.041143656,-0.025099754,-0.32659185
6538430286566,0.097242355,0.010611534,-0.34105325
6538439746305,0.16146088,0.03436756,-0.2040469
6538444476201,0.09888482,0.0107584,-0.07394993
6538449206097,-0.015502214,-0.048306465,0.031502128
6538453935993,-0.15771127,-0.11414814,0.112785935
6538463395732,-0.46892548,-0.055880547,0.24010754
6538472855472,-0.5652447,-0.016989708,0.24208045
6538477585368,-0.5193682,-0.039852142,0.198241
6538482315263,-0.4507184,-0.046165466,0.19330049
6538487045107,-0.3380072,-0.0621233,0.21028638
6538491775003,-0.2430141,-0.07567692,0.27974057
6538496504899,-0.18915868,-0.06783867,0.35401368
6538505964638,-0.18101645,-0.035346985,-1.2740434
6538515424430,0.3251052,0.53312874,-2.3377635
6538524884170,1.0910808,0.7428646,-1.7334274
6538529614066,1.276516,0.700675,-1.2944388
6538529614066,1.276516,0.700675,-1.2944388
6538534343909,1.2405304,0.5722246,-0.77265036
6538543803701,0.36964393,0.12319565,1.216734
6538553263441,-0.5277231,-0.2938242,2.2202804
6538562723232,-0.9909351,-0.68764496,1.992336
6538562723232,-0.9909351,-0.68764496,1.992336
6538567453076,-1.2418165,-0.7788534,1.7382448
6538576912868,-1.2328,-0.61839104,1.1176428
6538586372607,-1.0023551,-0.5460043,0.9000536
6538591102503,-0.8928325,-0.4728136,0.78865004
6538600562295,-0.414294,-0.3348961,0.4253006
6538600562295,-0.414294,-0.3348961,0.4253006
6538605292138,-0.13244534,-0.3054409,0.15590656